SGPA Sem1,SGPA Sem2,CGPA,Sex M/F,Percentage,Rural/Urban,Father Occ,Mother Occ,Annual Income
2,2,2,2,2,2,3,3,2
2,1,1,2,1,2,3,3,3
2,2,2,2,3,2,3,3,3
3,2,3,1,3,1,3,3,3
2,2,2,2,3,2,2,1,2
2,2,2,1,3,2,3,3,3
1,1,2,1,2,2,3,1,2
2,2,2,1,2,1,3,1,2
3,2,2,1,3,2,2,1,1
1,2,2,1,2,2,3,1,2
2,3,3,1,3,2,3,3,3
3,3,3,1,2,1,3,3,3
3,3,3,2,2,2,3,1,3
2,2,2,1,3,1,3,3,3
1,2,2,2,2,1,2,1,2
2,2,2,2,2,2,2,1,2
2,2,2,2,2,2,3,3,2
2,2,2,2,2,2,2,2,2
1,1,2,1,3,2,3,1,3
2,1,2,2,2,2,3,2,3
2,1,2,2,3,2,2,1,2
2,2,2,2,3,1,3,3,2
2,1,2,1,3,2,3,2,2
2,2,2,2,3,1,2,1,2
2,2,2,2,3,1,3,1,2
2,2,2,1,3,2,2,3,2
2,2,2,2,2,1,3,3,2
2,2,2,1,3,2,3,3,3
3,2,3,1,3,1,3,3,3
2,2,2,2,3,1,3,1,2
2,2,2,2,3,1,3,3,2
3,3,3,1,3,1,3,1,2
2,2,2,2,2,2,3,1,2
2,1,2,1,2,1,3,1,2
2,2,2,1,1,2,2,1,1
3,2,3,1,2,2,3,1,2
1,1,2,2,2,2,2,1,2
2,2,3,1,2,2,2,3,2
3,2,2,2,3,1,2,1,2
2,2,2,2,1,1,3,1,2
2,2,2,1,3,2,3,1,2
3,3,3,1,2,2,3,3,2
3,2,3,1,2,1,3,3,2
3,2,3,2,3,2,3,1,3
2,2,2,1,1,2,2,1,2
1,1,1,1,1,2,3,1,3
2,2,2,1,3,2,3,2,3
1,1,2,2,1,1,3,1,2
2,2,3,2,3,2,3,3,2
2,2,2,1,2,2,2,1,2
2,2,2,1,1,1,3,3,2
3,3,2,2,3,1,3,1,2
2,2,2,1,3,2,3,1,2
2,2,3,1,2,2,3,1,2
2,2,2,2,2,2,3,3,2
2,2,2,1,1,2,2,2,2
2,2,2,2,3,2,2,1,2
2,2,2,2,1,2,3,1,2
1,2,2,2,2,2,3,1,3
2,3,2,2,3,2,3,1,3
1,1,1,2,3,2,3,3,2
2,2,2,1,3,1,3,3,2
1,2,2,2,2,2,3,3,2
2,2,2,2,2,2,2,1,1
3,3,3,1,3,2,3,3,2
2,2,2,1,3,2,3,1,2
3,3,3,1,3,2,3,1,3
3,3,3,2,3,2,2,1,2
3,3,3,2,3,2,3,3,2
2,2,2,2,2,1,3,3,2
2,3,3,1,3,2,2,1,1
3,3,3,1,2,2,2,3,2
2,2,2,1,2,1,3,3,2
2,3,3,1,3,2,3,1,2
2,2,2,2,3,2,3,1,2
3,3,2,1,3,2,2,3,2
2,3,3,2,2,1,2,3,2
1,2,2,2,2,1,2,1,2
3,3,3,1,2,2,3,1,2
2,3,3,1,2,2,3,3,2
2,2,2,2,1,2,2,3,2
1,1,2,2,2,1,2,1,2
2,2,1,2,1,2,3,3,3
2,2,2,2,3,2,3,1,2
2,2,3,1,2,2,2,2,2
2,3,2,1,1,2,3,1,2
2,2,2,1,3,2,3,1,2
2,2,2,1,2,2,3,3,3
2,2,2,1,2,2,3,1,3
2,2,2,1,2,1,3,3,3
2,2,2,2,2,1,2,1,1
1,1,1,2,2,2,3,2,2
3,3,3,2,2,2,3,3,2
2,2,2,1,1,2,3,3,2
2,3,2,2,2,2,3,3,3
2,2,2,1,2,1,3,1,2
2,2,2,2,3,2,3,1,2
2,2,2,1,3,2,3,1,2
3,3,3,2,2,2,2,1,2
2,2,2,2,3,1,3,1,2
2,2,2,1,3,2,3,1,2
3,3,3,2,3,2,3,1,2
2,2,2,1,2,2,3,3,2
2,2,2,2,1,1,2,1,2
2,2,2,2,3,2,3,1,2
2,2,2,2,3,2,2,3,2
3,3,2,2,2,1,2,1,1
2,3,3,2,3,1,2,3,2
3,3,3,2,3,2,3,3,3
2,2,2,2,3,2,2,1,2
2,2,2,2,2,2,2,1,2
1,1,1,2,1,2,2,3,2
3,3,3,2,2,2,3,3,3
1,1,1,2,2,2,2,1,2
2,2,2,2,2,2,3,3,2
2,3,3,1,2,1,3,3,2
3,3,3,2,3,2,3,1,2
3,3,3,2,3,2,3,3,2
2,2,2,2,3,1,2,1,3
2,2,2,2,2,1,2,1,1
2,3,3,2,2,1,3,3,2
3,3,3,2,1,2,3,1,3
1,1,1,2,2,2,2,1,1
2,2,2,2,1,2,3,3,2
2,2,2,2,3,1,3,3,2
1,1,1,2,1,1,3,3,3
2,2,2,1,2,1,3,1,2
2,2,2,2,1,2,2,1,2
2,2,2,2,2,2,3,3,2
3,3,3,1,2,1,3,3,3
2,3,3,2,3,2,3,3,3
2,2,2,2,2,2,2,1,2
2,2,3,1,3,1,3,1,2
2,2,2,2,3,2,3,3,3
2,2,2,2,3,1,3,1,2
1,1,1,2,2,2,3,1,3
1,1,2,1,1,2,3,3,2
2,3,2,1,1,2,3,1,3
2,2,2,2,1,2,2,1,2
2,2,3,2,3,2,3,3,3
3,3,3,1,2,2,3,1,2
2,2,2,1,1,2,3,3,2
1,1,2,2,1,2,2,1,1
2,2,2,1,2,2,3,3,2
2,2,2,2,2,2,3,1,2
2,2,2,1,1,2,3,2,3
2,2,2,2,1,2,3,1,3
1,1,2,2,3,2,2,3,2
2,2,2,1,1,1,2,2,1
1,1,2,2,3,2,2,1,2
1,1,2,2,2,1,3,2,2
1,2,2,2,3,1,3,1,2
2,2,2,1,3,2,3,3,3
2,2,2,1,2,2,2,3,2
2,1,1,2,3,2,2,1,2
2,2,3,1,2,2,3,3,3
2,1,2,2,1,2,1,3,2
2,2,2,2,1,2,3,1,2
2,2,2,1,2,1,2,2,1
2,2,2,2,1,2,2,2,1
3,3,3,1,3,2,3,2,2
2,2,2,2,3,2,3,1,2
2,2,2,2,1,2,3,1,2
2,2,2,2,1,2,3,1,2
2,1,2,2,1,1,2,1,1
2,2,3,1,3,1,3,1,1
1,1,2,2,2,1,3,1,2
2,2,2,2,1,1,3,3,2
2,2,3,1,3,2,3,1,1
2,2,2,2,2,2,3,1,2
2,2,2,2,1,1,2,1,2
1,1,1,2,2,2,2,1,2
2,2,2,2,3,2,3,3,3
2,3,3,1,3,2,3,3,2
1,1,1,2,2,1,2,1,2
2,2,2,1,1,2,3,3,3
2,2,2,2,2,2,3,3,3
2,2,2,2,3,2,2,1,1
2,3,3,2,3,2,3,3,2
2,1,2,2,2,2,2,3,3
2,1,2,1,3,2,2,1,2
2,2,2,2,3,2,2,1,2
2,2,2,2,2,1,3,1,2
2,2,2,1,2,2,3,3,2
2,2,2,1,2,2,3,1,2
2,2,2,1,3,2,3,1,1
1,1,1,1,1,2,3,1,2
1,1,2,2,3,2,2,1,2
3,3,2,2,2,2,3,3,2
2,2,2,1,2,2,2,1,2
2,2,2,1,2,2,2,1,2
2,2,2,1,2,2,3,1,3
2,2,2,1,2,1,3,1,2
2,2,2,2,2,2,3,1,2
1,1,2,1,3,2,3,2,2
3,3,3,2,3,2,3,1,2
2,2,2,1,2,2,2,3,2
2,2,2,2,2,1,2,1,2
2,2,2,2,3,2,2,1,2
2,2,2,1,3,2,3,1,2
1,1,1,1,1,2,2,3,1
1,1,2,1,1,2,2,3,1
3,2,3,1,2,2,2,1,2
2,3,2,2,1,1,2,2,2
1,1,1,2,1,2,3,1,2
2,2,2,1,1,2,3,2,2
2,2,2,1,1,2,2,2,3
2,2,2,2,1,2,2,1,2
2,2,2,1,2,2,3,1,2
1,2,2,2,2,1,3,3,3
2,2,2,2,2,1,3,3,3
2,2,2,1,2,1,3,3,3
3,2,2,2,2,2,3,3,2
2,3,2,1,2,1,2,3,2
2,2,2,2,2,2,2,1,1
2,2,2,1,2,2,3,3,3
2,3,2,2,2,2,3,3,3
2,2,2,2,2,2,3,1,2
2,2,2,2,1,2,2,1,2
2,2,2,1,1,2,3,1,1
2,2,2,1,1,2,2,2,3
1,1,2,1,2,1,2,1,2
1,1,2,2,2,1,3,1,2
2,2,2,2,2,1,2,1,1
1,1,2,1,2,2,3,1,2
1,1,1,1,2,1,2,1,2
2,2,2,1,2,2,2,3,2
2,2,3,1,2,2,3,3,2
2,2,2,2,2,1,2,1,1
2,3,2,1,2,2,3,1,1
3,2,2,2,2,1,3,3,3
2,2,2,1,3,1,2,1,1
2,1,2,1,2,2,2,1,2
2,2,2,1,2,2,2,1,2
2,1,2,2,2,2,2,1,3
2,2,2,1,3,2,2,1,2
1,1,2,2,3,1,3,1,2
2,1,2,2,3,2,2,1,1
1,1,1,2,3,2,3,1,2
2,2,2,2,2,1,2,1,2
1,1,1,2,2,2,3,1,2
1,1,2,2,2,2,3,3,3
2,2,2,2,2,2,3,3,3
2,2,2,2,2,1,3,1,3
1,1,1,2,2,2,3,1,2
3,3,3,2,3,1,3,3,2
2,2,2,2,1,1,3,1,2
1,1,2,2,2,2,3,1,2
1,2,2,2,1,2,3,1,2
2,2,2,2,2,2,3,1,2
2,2,2,2,1,2,3,3,2
1,1,2,2,2,2,3,3,2
2,2,2,2,2,2,3,3,3
2,2,2,2,2,1,3,2,3
2,2,2,2,3,2,3,3,2
1,1,2,2,3,1,3,1,3
2,2,2,2,1,1,3,1,2
2,2,2,2,1,2,2,2,3
2,1,2,2,1,1,2,1,1
1,1,2,2,1,2,2,1,1
2,2,2,2,1,1,3,1,2
2,2,2,2,2,1,3,1,2
2,3,2,2,2,1,3,3,3
2,2,2,2,2,1,3,3,3
2,2,2,2,1,2,3,3,3
2,2,2,2,2,1,3,3,3
1,1,1,2,2,2,3,1,3
2,2,2,2,1,2,3,2,2
2,1,2,2,1,2,3,3,3
1,1,2,2,2,2,3,1,2
3,3,3,2,2,1,3,1,2
1,1,2,2,2,1,2,1,1
1,1,2,2,1,2,3,3,3
2,1,2,2,1,2,1,3,1
1,1,2,2,2,1,3,1,2
2,2,2,2,1,2,3,3,3
2,2,2,2,2,2,3,1,2
1,1,2,2,2,2,3,1,2
2,2,2,2,1,2,3,1,2
2,2,2,2,1,1,3,3,3
3,3,3,2,3,2,3,1,2
2,2,2,2,2,2,2,1,2
1,2,2,2,2,1,3,1,2
1,1,2,2,1,1,3,1,2
2,2,2,2,1,2,2,1,2
1,2,2,2,1,2,3,3,3
2,2,3,2,1,2,3,3,3
2,3,3,2,1,2,3,3,3
2,2,3,2,2,2,3,1,2
2,2,2,2,3,2,3,3,3
2,2,2,2,2,2,3,3,3
2,2,2,2,2,2,2,3,3
2,2,2,2,2,2,2,3,3
2,2,2,1,2,1,2,3,3
3,3,3,1,2,2,2,1,1
1,1,2,2,2,2,2,1,2
2,2,2,2,3,2,3,3,3
2,2,2,1,1,2,3,1,3
2,3,3,1,3,2,3,1,3
3,2,3,1,3,2,3,2,2
2,2,2,1,2,2,2,1,2
2,2,2,1,3,1,2,1,1
2,2,2,2,3,2,2,1,2
2,2,2,2,2,2,1,3,1
2,2,2,2,2,1,2,1,1
2,2,2,2,2,2,2,3,2
1,2,2,1,3,2,3,3,2
2,2,3,1,3,2,1,3,2
2,3,3,1,3,1,2,3,2
1,1,2,1,2,1,3,1,3
1,1,2,1,2,2,3,1,2
2,2,2,2,2,2,3,1,2
2,2,2,2,2,2,3,1,2
1,1,2,2,2,1,3,3,3
2,2,2,2,3,2,1,2,1
2,2,2,2,2,2,2,3,2
2,2,2,2,3,2,3,1,2
2,2,2,2,1,2,3,3,3
2,2,2,1,2,2,2,1,2
2,2,2,1,3,2,3,1,2
2,2,2,1,2,2,3,1,2
1,1,2,1,1,1,3,1,2
2,1,2,2,2,1,3,3,3
2,2,2,1,3,2,2,1,1
2,2,2,2,2,2,3,1,2
1,1,2,2,1,2,3,1,2
2,2,2,1,1,2,3,3,3
2,3,2,2,2,1,2,1,2
2,2,2,1,2,2,3,1,2
1,1,2,2,3,2,2,1,2
3,3,2,1,2,2,1,3,2
2,2,2,2,2,1,2,3,2
1,2,2,1,3,2,3,1,2
2,2,2,2,2,2,3,3,2
3,3,3,1,3,2,3,1,2
3,3,3,2,3,1,2,3,3
2,2,2,2,2,2,2,1,2
3,3,3,2,3,2,3,1,1
3,3,3,2,3,1,3,2,3
2,2,2,1,2,1,3,3,3
2,2,2,2,2,2,3,3,3
1,2,2,2,2,2,3,1,3
2,2,2,2,3,2,2,1,2
2,2,2,2,3,2,2,1,3
1,1,1,2,2,2,2,1,2
2,2,2,2,3,2,3,3,2
2,2,2,2,3,2,3,1,2
2,1,2,1,1,1,3,3,3
2,2,2,1,2,2,3,1,2
2,2,2,1,2,2,3,1,1
2,3,2,2,2,1,3,3,3
2,2,2,1,2,1,3,3,3
1,1,2,1,1,1,2,1,1
3,3,3,1,3,2,2,1,2
1,1,2,2,3,2,2,1,1
2,3,2,2,3,2,2,1,1
1,1,2,2,2,1,3,1,2
2,2,2,2,3,1,3,1,2
1,2,2,1,2,1,3,1,2
2,2,2,2,3,2,3,1,2
2,2,2,1,3,2,2,1,2
2,2,2,2,3,1,3,1,2
1,1,1,2,2,2,3,1,2
1,1,1,2,2,2,3,1,2
3,3,3,1,2,1,3,1,2
2,2,2,2,3,2,2,1,1
2,1,1,2,3,1,2,1,2
2,1,2,1,3,2,2,1,2
1,1,2,1,2,2,3,1,1
3,2,3,1,3,2,3,1,2
3,2,2,1,3,2,3,1,2
2,2,2,1,2,2,3,1,3
2,2,2,2,3,2,3,1,2
1,1,2,2,1,2,3,1,1
2,2,2,2,2,2,3,1,3
2,2,2,2,3,2,2,1,2
3,2,2,1,2,2,2,1,1
3,3,3,1,3,2,3,1,3
1,1,1,2,3,2,2,3,2
2,2,2,2,2,2,3,3,3
2,2,2,1,2,1,2,1,2
1,1,2,2,2,2,2,1,1
1,1,1,2,3,1,2,1,3
3,2,3,1,3,1,3,1,2
2,1,2,2,2,2,2,1,1
3,3,3,2,3,2,2,1,2
1,1,1,2,3,2,3,1,2
2,2,2,2,3,2,3,1,2
2,2,2,1,2,2,3,3,3
1,1,2,2,3,2,3,1,2
1,1,2,2,3,1,2,1,2
1,1,2,2,3,2,2,1,2
2,2,2,2,3,2,2,1,2
1,2,2,2,2,2,2,1,1
2,2,2,1,2,2,2,1,2
2,1,1,1,2,2,3,1,3
1,1,1,2,3,1,2,1,1
1,1,2,2,3,1,3,1,1
2,2,2,2,3,1,2,1,1
2,2,2,2,3,1,3,1,2
2,2,2,1,3,2,1,2,1
2,1,2,2,3,2,2,1,2
2,2,2,1,3,1,3,1,2
3,3,3,2,2,2,2,1,1
2,2,2,1,3,2,3,3,2
2,1,2,1,2,2,2,1,2
2,2,2,2,3,1,2,1,1
3,3,3,1,2,2,1,3,3
2,2,2,2,3,2,2,1,2
2,2,2,2,2,2,2,1,2
3,2,3,2,3,2,2,1,2
2,2,2,1,2,2,3,1,2
2,2,2,1,2,2,2,1,3
2,3,3,2,2,2,2,1,2
2,2,2,2,2,1,3,1,2
2,2,2,2,3,2,2,1,2
2,2,2,2,3,2,3,1,2
3,3,3,1,3,2,2,1,2
2,1,2,1,1,2,3,1,2
2,2,2,1,3,2,2,1,1
2,2,2,1,3,2,2,1,2
2,2,2,2,3,2,2,1,1
1,2,2,2,2,2,2,1,3
2,2,2,2,2,2,2,1,1
2,2,2,2,3,1,2,1,3
3,2,2,1,3,2,2,1,3
2,2,2,2,3,2,2,1,2
2,2,2,1,3,2,3,1,2
2,2,2,1,3,2,2,1,2
3,3,3,2,3,1,3,1,2
2,2,3,2,2,2,3,1,2
2,2,2,2,3,2,2,1,3
2,3,3,2,2,2,3,1,2
2,1,2,2,2,2,2,1,2
3,3,3,2,3,2,2,1,2
1,2,2,1,2,1,2,1,3
3,3,3,2,3,2,2,1,3
2,1,2,1,3,2,2,1,1
2,1,2,1,3,2,2,1,2
2,2,2,1,2,2,1,3,3
2,2,2,2,3,2,2,3,2
1,1,2,2,2,1,2,1,1
2,3,3,1,2,1,2,3,2
2,2,2,2,3,1,3,1,2
1,1,1,1,3,2,2,3,2
2,2,3,2,3,1,2,1,2
3,2,2,2,3,2,3,1,2
1,1,2,2,2,2,2,1,2
2,2,2,1,2,2,3,3,2
2,2,2,2,2,2,2,1,2
1,1,2,2,2,2,3,1,2
2,2,2,2,3,2,2,1,2
2,2,2,1,2,2,2,1,1
2,2,2,2,2,1,2,1,2
2,2,2,1,3,1,3,1,2
2,2,2,2,3,1,2,1,1
3,2,3,1,3,2,3,1,2
1,1,1,2,2,1,2,3,2
1,1,2,2,3,2,2,1,1
2,2,2,1,2,2,3,1,3
2,2,2,1,3,1,3,1,2
2,2,2,2,3,2,2,1,1
2,2,2,2,2,1,2,1,1
2,2,2,2,3,1,3,1,2
2,2,2,1,3,2,3,1,2
2,2,2,1,2,2,2,1,2
2,2,2,1,2,2,2,1,3
2,2,2,1,2,2,2,1,1
3,2,3,1,3,2,2,1,2
2,2,2,1,3,2,2,1,2
2,2,2,2,3,2,2,1,1
2,2,2,1,3,1,2,1,2
1,2,2,2,2,2,3,1,2
2,1,2,2,3,2,3,1,2
2,1,2,2,3,2,2,1,3
2,2,2,1,3,1,3,1,2
2,2,2,1,3,2,3,1,2
2,2,2,1,2,1,3,1,2
2,2,2,1,3,2,2,1,1
2,2,2,2,3,2,2,1,2
1,1,1,2,2,2,2,3,1
2,2,2,2,2,2,3,1,2
1,2,2,2,3,2,2,1,2
2,3,2,1,2,2,3,1,2
3,3,2,2,3,2,2,1,2
1,1,1,1,1,1,3,1,2
2,2,2,1,3,2,2,1,2
2,3,2,2,3,1,3,3,2
2,2,2,2,3,2,3,3,3
2,3,2,2,3,2,3,1,2
2,2,3,1,3,2,2,1,2
3,2,2,2,3,2,3,2,2
1,1,2,2,3,2,3,1,2
3,3,3,1,3,1,3,3,3
3,3,3,2,3,2,3,3,3
2,2,2,2,3,2,2,1,2
1,2,2,1,2,2,2,1,1
2,2,2,2,2,2,2,1,3
1,1,1,2,2,2,2,3,2
1,2,1,2,3,2,2,1,1
2,2,2,2,2,1,3,1,2
2,2,2,1,2,2,2,3,3
3,3,3,1,3,2,2,3,3
3,3,3,1,3,1,3,1,2
2,2,2,2,3,2,2,1,1
2,3,2,1,3,2,3,3,2
3,3,3,1,3,2,3,3,3
2,2,2,1,3,2,3,3,3
3,2,2,2,3,2,3,3,3
2,2,2,1,3,2,3,3,3
2,2,2,1,3,2,2,1,2
2,3,2,1,3,2,2,3,3
3,3,3,1,3,2,3,3,2
2,3,2,1,3,2,3,1,2
2,2,2,1,3,2,1,3,2
2,2,2,2,2,1,2,3,2
2,2,2,2,3,1,2,1,1
1,1,1,2,3,2,2,1,1
3,3,3,1,3,2,2,1,3
2,2,2,2,3,2,3,3,3
2,2,2,2,3,2,3,3,3
1,1,2,1,2,2,2,1,2
3,3,3,1,3,2,3,1,2
2,2,2,2,3,2,3,3,3
2,3,2,2,3,2,3,1,2
3,3,2,1,3,2,2,3,3
2,3,2,2,3,2,2,1,2
2,2,2,1,3,2,3,3,3
2,2,2,1,2,2,3,1,3
1,1,2,2,2,2,3,1,2
2,2,2,1,3,1,2,1,2
2,2,2,2,3,2,3,2,2
1,1,1,1,2,2,3,1,3
1,1,1,2,3,2,2,1,1
1,1,1,2,3,2,2,1,1
1,1,2,2,2,2,2,1,1
2,2,2,2,3,2,2,2,2
1,1,1,2,3,2,2,1,2
1,1,2,1,3,2,3,1,2
1,2,2,1,3,2,3,3,3
2,2,2,2,3,2,2,1,1
2,3,3,2,3,2,3,1,3
1,2,2,1,2,2,2,1,1
3,3,3,2,3,2,3,3,3
2,2,2,2,3,2,3,3,3
1,2,2,2,2,1,2,1,1
3,3,3,2,3,2,2,1,1
2,1,2,2,2,2,2,1,2
2,1,1,2,2,2,2,1,1
1,2,2,2,2,1,1,3,1
3,3,3,1,3,2,3,1,1
2,2,2,2,3,2,3,1,2
2,2,2,2,3,2,2,1,1
2,2,2,2,3,1,3,1,2
2,3,3,2,3,2,2,1,1
3,3,2,2,3,1,3,1,3
2,2,2,1,2,1,3,1,3
1,1,2,2,3,2,2,3,3
2,3,3,1,3,2,2,1,2
2,2,2,1,2,2,2,1,2
2,3,2,2,3,2,3,1,2
3,3,3,1,3,2,3,3,3
1,1,1,2,3,2,2,1,2
3,3,3,1,3,1,2,1,2
2,3,2,1,3,2,3,1,2
1,1,2,2,3,1,3,3,2
1,2,2,2,3,1,3,1,2
1,1,2,2,3,2,3,1,2
2,2,2,1,3,1,3,1,2
1,1,2,2,3,2,2,1,2
1,1,1,2,2,1,3,1,2
3,3,3,1,3,1,3,1,2
1,2,1,1,2,1,2,1,2
3,3,3,1,3,1,3,1,2
1,1,1,2,2,2,2,1,2
3,3,2,2,3,1,2,3,3
1,2,2,2,3,2,2,1,1
1,1,1,2,2,2,2,1,2
3,3,3,2,3,2,2,1,1
3,2,2,2,3,2,2,1,1
1,3,2,2,3,1,3,2,2
2,2,2,1,3,1,2,1,2
2,2,2,2,3,2,2,1,1
3,3,3,1,3,2,3,1,3
2,2,2,1,3,1,3,1,2
2,2,2,2,3,2,2,1,2
2,2,2,2,3,2,2,1,1
2,3,2,2,2,2,3,1,2
1,1,1,2,3,2,2,1,3
2,2,2,2,3,1,2,1,2
2,2,2,1,3,2,2,3,3
2,2,2,1,3,2,3,3,2
3,3,3,2,3,1,2,1,1
2,2,2,2,2,1,3,1,2
3,3,3,1,3,2,3,1,1
2,2,2,1,3,2,2,1,1
3,3,3,2,3,2,3,3,3
1,2,2,2,1,2,3,1,2
1,1,1,2,2,2,2,1,2
1,2,2,2,3,2,3,1,2
3,3,3,1,3,2,3,1,2
3,3,3,1,3,2,2,3,3
2,2,2,1,2,2,3,1,2
2,2,2,2,1,1,3,1,2
3,3,2,2,3,2,3,1,2
2,2,2,2,3,2,3,1,2
3,3,2,2,3,2,1,3,2
1,1,2,2,3,2,2,1,2
2,2,2,1,2,2,3,1,2
1,2,2,1,2,2,3,1,3
1,1,2,1,2,2,2,1,2
2,3,2,2,3,1,3,1,2
1,1,1,2,1,2,2,1,2
2,3,3,1,3,2,3,1,1
2,2,2,2,2,1,3,3,2
2,2,2,1,2,2,2,3,3
2,2,2,1,3,2,2,2,3
2,2,2,2,2,2,3,1,2
2,2,2,2,2,1,3,3,3
1,1,2,1,2,1,2,1,2
2,2,2,2,3,2,3,1,2
2,2,2,1,2,2,2,1,2
2,3,3,2,3,2,3,3,3
2,2,2,2,3,1,2,3,3
3,3,3,1,3,2,3,1,2
2,2,2,1,3,2,2,1,1
2,2,3,2,3,2,3,1,1
2,2,2,1,3,2,2,1,2
2,2,2,1,2,2,2,3,2
2,2,2,2,3,2,2,1,1
2,2,2,2,3,2,2,1,2
2,2,2,1,3,1,3,3,3
3,3,3,2,3,1,3,1,2
1,1,2,2,3,2,2,1,2
2,3,3,2,3,2,3,3,3
2,3,3,1,3,2,3,2,3
1,2,2,2,3,2,3,3,3
2,3,2,2,3,1,3,1,2
1,2,2,2,2,2,3,1,2
2,2,2,2,2,2,3,1,2
2,2,2,2,3,2,3,1,2
1,2,2,2,2,1,2,1,1
2,3,3,1,3,2,2,1,1
1,2,2,1,2,2,3,1,2
1,1,1,2,1,2,2,1,2
1,1,1,2,2,1,2,1,1
2,2,2,2,3,2,2,1,1
3,3,3,1,3,2,3,1,2
1,1,2,2,2,1,2,1,2
2,2,2,1,2,1,3,1,2
1,1,2,2,2,2,2,1,2
2,2,2,2,2,2,2,1,2
2,2,2,2,3,2,2,1,2
1,2,1,1,2,2,3,3,3
1,1,2,2,3,2,3,1,2
2,2,2,2,3,2,2,1,2
2,2,2,2,3,2,3,3,3
1,1,1,1,2,1,2,1,2
3,3,3,1,3,2,3,1,3
3,2,2,1,2,2,3,3,3
2,2,2,2,1,1,3,1,2
3,2,2,2,3,1,3,3,3
3,3,3,2,3,1,3,1,2
1,1,2,1,2,2,3,1,1
2,2,2,2,3,2,3,1,2
1,1,1,2,2,2,3,1,1
2,2,2,2,3,1,2,3,3
2,2,2,1,2,1,3,1,2
2,1,2,2,2,1,3,3,2
1,1,2,2,2,2,3,1,2
2,1,1,2,2,2,3,1,2
2,2,2,2,2,1,3,3,3
2,2,2,2,2,2,2,1,1
2,2,2,2,2,2,3,1,2
2,3,3,1,1,1,3,1,2
2,2,2,1,2,2,3,3,3
1,1,1,2,1,1,3,1,2
2,3,3,2,2,2,3,1,2
2,2,2,2,2,2,3,3,3
3,3,3,2,3,2,3,1,3
2,3,3,2,3,2,3,1,2
2,2,2,1,3,2,3,1,3
2,2,2,2,3,2,3,1,2
2,2,2,2,3,2,3,1,1
2,2,2,1,3,2,3,1,1
1,1,1,2,3,2,3,1,2
1,2,2,2,2,2,3,1,2
2,2,3,2,3,2,3,1,2
3,3,3,2,3,2,3,1,2
2,1,2,2,2,2,3,1,2
3,3,3,2,3,1,2,1,2
2,3,3,2,3,2,2,1,2
2,2,2,2,2,1,3,1,2
2,2,2,2,2,1,3,1,1
2,3,2,2,2,2,3,1,2
3,3,3,2,3,2,3,3,3
1,2,2,2,1,2,2,1,2
2,2,2,2,2,2,2,1,2
3,2,3,2,2,2,3,1,3
2,2,2,2,3,2,2,1,2
2,1,2,2,2,1,2,1,2
2,2,2,2,1,2,3,1,2
2,2,2,2,3,2,3,1,2
2,1,2,2,2,2,3,1,2
2,1,2,2,3,2,2,1,1
2,2,2,2,2,2,2,1,2
2,1,2,2,2,1,2,1,1
3,3,3,2,3,1,3,1,2
3,3,3,2,3,1,3,1,2
3,3,3,2,2,1,3,1,3
3,3,3,2,3,2,3,1,3
2,1,2,2,2,2,2,1,1
2,2,2,2,3,1,2,1,1
2,1,2,2,2,2,2,1,2
3,3,3,2,2,2,3,1,1
1,1,1,2,2,2,2,1,1
2,2,3,2,3,1,2,1,1
2,2,2,2,3,2,3,1,2
2,2,2,2,3,2,3,1,1
3,3,3,2,3,2,3,1,1
3,2,2,2,2,2,2,1,1
1,2,2,2,2,2,3,1,2
2,2,2,2,2,2,3,1,1
1,1,1,2,2,2,3,1,1
2,2,2,2,3,1,3,1,2
2,2,2,2,3,2,3,1,2
2,1,1,2,2,2,3,1,2
2,2,3,2,2,2,2,1,1
2,2,2,2,3,2,3,1,1
1,1,2,2,2,2,3,1,2
2,2,2,2,3,2,2,1,3
1,2,2,2,1,2,2,1,1
2,2,3,1,3,2,2,1,2
3,3,3,2,3,2,3,1,3
3,2,2,2,3,1,3,1,2
2,1,2,2,3,2,2,1,1
1,2,2,1,2,2,2,1,2
3,3,2,1,2,2,3,1,3
1,1,2,1,2,2,3,3,2
3,3,2,1,3,1,2,2,1
2,2,2,2,3,2,3,1,2
3,3,3,1,3,2,3,1,2
2,2,2,2,3,2,3,3,2
1,2,2,2,3,2,3,1,1
2,3,2,1,3,2,2,1,2
1,2,2,2,2,1,2,1,1
1,1,1,2,2,2,2,3,2
3,3,3,1,3,2,3,1,2
3,2,3,2,2,2,2,1,2
1,1,2,1,2,2,3,3,2
2,2,2,2,1,2,3,1,2
3,3,3,1,2,1,2,1,1
3,2,3,1,3,1,2,1,1
2,2,2,2,2,1,2,1,1
3,3,3,2,3,2,2,1,1
3,3,3,2,3,1,3,1,1
1,1,2,1,2,2,2,1,1
2,2,2,2,3,2,3,1,2
3,3,3,1,3,2,3,3,2
3,3,3,1,3,2,2,1,2
3,3,2,1,3,2,3,3,2
3,3,3,1,3,2,3,1,3
1,1,2,2,3,2,2,3,2
3,2,2,1,3,1,3,1,2
2,2,2,2,2,1,3,3,2
1,1,1,2,2,1,2,1,2
1,2,2,1,3,2,2,2,2
3,3,3,2,2,2,3,1,1
2,2,2,2,3,2,2,1,1
3,3,3,1,3,1,2,1,2
3,3,3,1,3,2,2,1,2
3,3,3,1,3,1,3,1,2
3,2,3,1,3,1,3,3,2
3,3,3,1,3,2,3,1,2
3,3,3,1,3,2,3,1,2
1,2,2,1,2,2,2,1,2
1,2,2,2,3,2,3,3,2
2,2,2,1,3,2,2,1,2
2,3,3,2,3,2,3,1,1
3,3,3,1,3,1,3,1,2
2,2,2,2,2,2,3,1,1
3,3,3,2,3,2,3,1,1
1,1,2,2,2,2,2,3,2
2,2,2,1,1,1,2,1,2
2,3,3,2,3,2,2,1,2
2,2,2,2,3,2,2,1,3
2,2,2,2,3,2,2,1,1
1,2,2,2,3,1,3,3,3
1,2,2,2,2,2,2,2,2
2,2,2,2,3,1,3,1,2
2,2,2,2,2,1,3,3,2
3,3,3,1,2,2,3,1,1
3,3,3,2,3,2,2,1,2
3,3,2,2,2,2,3,3,2
2,3,3,1,3,2,2,3,2
2,3,3,1,2,2,3,3,3
3,3,3,2,3,2,3,1,2
2,2,3,1,3,1,3,3,2
1,1,1,2,1,2,3,2,2
3,3,3,1,1,1,2,1,2
3,3,3,2,2,1,3,3,2
3,3,3,2,3,2,2,1,1
2,2,2,2,2,1,2,1,2
3,2,2,2,2,2,3,1,1
3,3,3,1,3,1,3,1,2
2,2,2,1,2,1,3,1,1
2,2,3,2,3,1,2,1,2
2,3,2,2,2,1,2,1,1
2,2,2,2,2,2,3,1,2
3,3,3,2,2,1,3,3,2
1,2,2,1,3,2,3,1,2
2,2,2,2,1,2,2,1,1
3,3,3,1,1,2,3,1,2
2,2,2,2,3,2,3,1,1
3,3,3,2,2,1,3,3,2
2,3,2,2,3,1,3,3,2
2,3,3,1,3,2,1,3,1
2,2,2,2,2,2,3,1,1
3,3,3,1,3,1,3,3,2
2,3,3,1,1,2,3,1,2
1,2,2,1,2,2,3,1,2
2,2,3,1,3,2,2,3,2
3,3,3,2,2,2,3,3,2
1,1,2,2,1,1,2,1,1
2,2,3,2,1,2,3,3,2
2,2,2,2,2,2,2,1,1
2,2,2,2,2,1,2,3,2
2,2,2,2,3,1,3,3,2
3,3,3,1,2,2,2,1,2
2,2,2,2,3,2,3,1,2
1,2,2,2,2,2,2,1,2
2,3,2,1,2,2,3,3,2
3,3,3,1,3,2,2,3,2
2,3,2,1,3,2,2,3,2
2,3,3,1,3,2,2,1,2
2,2,2,2,2,2,3,3,2
1,2,2,2,2,2,2,1,2
2,2,2,2,3,1,3,1,2
2,2,2,2,3,2,3,3,2
1,2,2,2,1,2,3,1,2
1,1,2,1,2,2,2,1,2
2,2,2,2,3,2,3,1,3
3,3,3,2,3,2,3,1,2
1,1,2,1,2,2,1,2,2
2,3,3,2,3,2,3,1,2
1,1,2,2,2,1,2,3,2
1,1,1,2,1,2,2,1,1
2,3,3,1,2,2,2,1,1
2,2,2,2,3,1,3,1,2
3,3,3,2,3,2,3,1,2
2,2,2,2,2,2,1,3,1
3,2,3,1,2,2,3,1,1
2,2,2,2,3,1,3,3,2
1,1,2,2,3,1,3,1,1
3,3,3,1,3,2,3,1,3
3,3,3,1,3,2,3,3,2
3,2,2,1,3,2,2,1,1
3,3,3,1,3,1,2,1,2
2,2,2,2,3,2,3,1,2
3,3,3,2,3,2,3,3,3
2,2,2,2,3,2,3,3,3
3,3,3,2,3,2,2,1,2
2,2,2,2,3,2,2,1,2
2,3,3,1,2,2,3,1,3
2,3,2,2,3,2,2,3,3
1,2,2,2,3,1,2,1,2
3,3,3,2,2,1,3,2,2
2,2,2,2,1,2,2,1,2
2,3,3,2,3,2,3,2,2
3,3,3,1,2,2,2,3,2
3,3,2,2,3,2,3,1,2
3,3,3,2,3,1,2,3,3
1,2,2,2,3,2,2,1,1
3,3,3,1,3,2,2,3,2
1,1,1,2,1,2,3,1,1
2,2,2,1,2,1,2,1,2
2,2,2,2,2,2,2,1,2
3,3,2,2,2,2,3,1,2
2,1,2,2,1,2,3,3,2
1,2,2,2,1,1,3,1,1
2,3,2,2,2,2,2,1,2
1,2,2,1,2,2,2,1,2
1,1,2,2,2,1,3,1,2
3,2,3,2,3,1,3,3,2
3,3,3,2,3,2,3,1,1
2,2,2,2,2,2,2,1,2
2,2,2,2,1,2,3,1,1
3,3,3,2,3,2,3,3,3
3,3,3,2,3,2,2,1,2
3,3,3,2,3,2,3,1,2
1,1,1,2,2,2,2,1,1
3,3,2,2,3,1,3,3,3
3,3,3,2,3,2,3,2,3
3,3,3,1,3,2,3,3,2
3,3,3,1,3,1,2,1,1
3,3,3,1,3,1,3,3,2
3,3,3,2,3,1,3,1,1
3,3,3,1,3,2,2,1,1
2,2,2,2,3,2,3,3,2
3,3,3,1,3,2,3,1,2
3,3,3,2,3,1,2,1,2
3,3,3,1,3,1,2,1,1
3,3,2,2,3,1,2,1,1
3,3,2,2,3,2,3,1,2
2,2,2,2,3,2,2,1,2
2,2,2,1,1,1,3,1,2
2,2,2,2,3,2,3,3,2
2,2,2,2,3,2,3,1,2
2,3,3,1,3,1,3,1,1
1,1,2,1,2,2,2,1,2
2,2,2,2,2,1,2,1,2
3,3,3,2,3,2,3,3,2
2,3,2,2,3,2,2,1,2
3,3,3,1,3,2,3,3,2
3,3,3,1,3,2,3,3,3
